{"cameraMode":{"drawMode":0,"name":"Shaded","section":"Shading Mode"},"sceneLighting":true,"audioPlay":false,"sceneViewState":{"m_AlwaysRefresh":false,"showFog":true,"showSkybox":true,"showFlares":true,"showImageEffects":true,"showParticleSystems":true,"showVisualEffectGraphs":true,"m_FxEnabled":true},"in2DMode":false,"pivot":{"x":26.365604400634767,"y":1.8381105661392213,"z":27.7396240234375},"rotation":{"x":-0.014687536284327507,"y":-0.38483670353889468,"z":0.006114138290286064,"w":-0.9228503108024597},"size":22.07198143005371,"orthographic":false}