{"cameraMode":{"drawMode":0,"name":"Shaded","section":"Shading Mode"},"sceneLighting":true,"audioPlay":false,"sceneViewState":{"m_AlwaysRefresh":false,"showFog":true,"showSkybox":true,"showFlares":true,"showImageEffects":true,"showParticleSystems":true,"showVisualEffectGraphs":true,"m_FxEnabled":true},"in2DMode":false,"pivot":{"x":4.483664035797119,"y":7.791069984436035,"z":-9.002094268798829},"rotation":{"x":0.26122942566871645,"y":-0.23033618927001954,"z":0.06434956938028336,"w":0.9351592063903809},"size":1.3448684215545655,"orthographic":false}