{"cameraMode":{"drawMode":0,"name":"Shaded","section":"Shading Mode"},"sceneLighting":true,"audioPlay":false,"sceneViewState":{"m_AlwaysRefresh":false,"showFog":true,"showSkybox":true,"showFlares":true,"showImageEffects":true,"showParticleSystems":true,"showVisualEffectGraphs":true,"m_FxEnabled":true},"in2DMode":false,"pivot":{"x":2.7364275455474855,"y":-3.6846256256103517,"z":-1.020747184753418},"rotation":{"x":-0.7338911890983582,"y":0.017714137211441995,"z":-0.01915191113948822,"w":-0.6787691116333008},"size":13.136348724365235,"orthographic":false}